id,titulo,artista,album,genero,duracion_seg,anio,n_reproducciones
17,btbuupkxvp,eyugblkrxs,ppmmmbdjmi,semuansxpu,184,2005,937392
22,srvxngneur,zopmutbklk,ppmmmbdjmi,ryjbuwocyn,167,2001,329151
4,ggjmycourc,fcienyxisg,ppmmmbdjmi,enxjsdattl,212,2007,678939
2,rxhkbxpsxt,ubwjnysowk,ppmmmbdjmi,rkznyeihfn,181,2002,275069
9,srxwcojtqk,rbhahoskto,ppmmmbdjmi,xjfxooopgm,164,2006,749814
16,zoztnrbmob,fegbdcdodq,ppmmmbdjmi,mgyhsaubyw,182,2003,224231
20,fdfpyehocw,lvdkbguojg,ppmmmbdjmi,ejjrswpygl,202,2007,498
19,xavfzjtxsq,xmwrfxfdkn,ppmmmbdjmi,bkoyclilyg,159,2007,719359
13,mxdikiwuln,qjukldsmnl,ppmmmbdjmi,qjybohwwjp,214,2005,311430
25,gdxxnpxjff,ydeoctqeud,ppmmmbdjmi,xlyzetlhgi,155,2007,440630
10,kzfaiaqssu,zsdqmnjaks,ppmmmbdjmi,fkivaxcmlc,211,2008,844473
24,gdtioojsaw,ognwyozpcc,ppmmmbdjmi,bktpvzqvmd,187,2002,513201
12,wcketwmdmk,aqtyfuagga,ppmmmbdjmi,ircwnjdgvg,202,2001,559667
21,lboqkduiqr,mcuuyleepn,ppmmmbdjmi,phhnyhulni,128,2004,346518
1,lvorcsbqfp,yccdaomchz,ppmmmbdjmi,ysdomundth,203,2005,62646
6,aavoldhzvh,bmenwhduhc,ppmmmbdjmi,mmbxmormva,170,2004,277421
5,pnsreoiitm,qxbqvkidoy,ppmmmbdjmi,azqdzlynra,176,2005,628957
3,tintxgsrct,nljlezjqtv,ppmmmbdjmi,rgvvrdcerb,176,2002,279696
11,xymxqgpkij,pyvchxpbcz,ppmmmbdjmi,jyzjcowgft,207,2005,307915
23,jptrealvbb,knwfoiqbbr,ppmmmbdjmi,mcliroieba,121,2006,252540
15,qqblaszqhx,wyrofvzwal,ppmmmbdjmi,blvcivkzmg,171,2007,218015
18,nnkcxixomx,juaugsrymx,ppmmmbdjmi,lgyaaxqvii,121,2006,412820
7,bmnftpacqo,gdlnghwiui,ppmmmbdjmi,ltvamjvmps,176,2004,355710
8,eyataelplq,cywjxgffsb,ppmmmbdjmi,cunorafjry,141,2008,805346
14,mfzucvhrlq,nyeqssfeio,ppmmmbdjmi,cmflibuair,138,2008,317431
26,tlqdcdrxfj,oxfzsbznwc,snbrcweday,dflcwmqzeq,141,2002,871382
36,ceglrtetbr,nvjqrnvoqo,snbrcweday,pdhdsisgfl,217,2006,828867
39,xqolndzvxc,nolzrfslea,snbrcweday,moelahxflj,194,2002,844486
38,zhvdzlxnmi,ucppjmdsss,snbrcweday,ygbkbxkdlf,144,2008,86286
40,kwonvmmxzc,katqsgwtsm,snbrcweday,xfngcssood,176,2006,604333
32,vmnhmgwayx,pompnszhnj,snbrcweday,aleuhafhhy,147,2006,60497
29,vmizeopqut,xlgdujqxyg,snbrcweday,ncxfyphlna,182,2006,497950
34,tkzslggcbm,hottrjffem,snbrcweday,eyxlchyldi,128,2004,642736
30,emsubjqwgc,djymcwmkjo,snbrcweday,hqpyzcnzwy,132,2004,278408
33,ujxahxbgop,tgdnfkbomo,snbrcweday,ugxulgcjng,219,2003,989558
49,mbilnzhlkk,jjicdldgcz,snbrcweday,bveryzcskl,188,2005,509944
42,hkubdahuac,ghwnfbtltg,snbrcweday,wioujaiomc,180,2006,720103
37,tsjozeqqtl,zjfohvgxmj,snbrcweday,epeohmtuzc,121,2006,78965
47,fucgoszust,wkufzmuvvg,snbrcweday,ihltsbhshr,190,2007,249502
44,wcqkjaewho,trscufigfl,snbrcweday,cjznapgmve,176,2002,959912
48,xubruxmpww,lbvxvtudbb,snbrcweday,qwvtdobvkr,190,2008,293293
31,ixnrpkarnl,qbponazehr,snbrcweday,vitxvswtky,186,2007,968062
41,epuqburder,yumesfyfee,snbrcweday,smimgyblod,215,2006,848381
35,cqhkyjlnrc,iktssbwefw,snbrcweday,bszkrmpbpn,121,2002,189484
45,ndqnkowyin,skkyuqfgup,snbrcweday,firwqdruzl,128,2007,610361
50,ojzptlzduk,lwnzbvbcwy,snbrcweday,gqzisrsdxs,182,2000,23518
28,ptzvbepgok,dbhpldhcnd,snbrcweday,ponbqsusbn,175,2001,547224
46,vcykazuqtg,ataszimqnu,snbrcweday,hlmkdjlqoy,185,2006,920162
27,xcgbtegeud,kvxlumkwpp,snbrcweday,kulykmcdtb,177,2005,88296
43,eyregmgkun,givididlgl,snbrcweday,abwclloqsk,159,2002,52038
70,yjgqldsaoa,jrbludshcg,pbakibyzxr,dsqqdctoyj,175,2005,833369
54,hupoxfnpqn,qrrfniyrdn,pbakibyzxr,gtnoznqzjk,185,2005,978949
57,ovplhpmjty,ewbdfoyinc,pbakibyzxr,zvalbibgjx,196,2005,709184
73,aljfwkwmuh,xymnxguluy,pbakibyzxr,jszwuwwfem,186,2002,257114
52,assqskusbl,rmtckpbnum,pbakibyzxr,cfbtnvjqsa,216,2005,633380
69,kvevaqavcp,khhbbbdzhk,pbakibyzxr,zmwoiljmdk,191,2002,771577
59,kgfxzcnpfh,jwcqaducen,pbakibyzxr,fohqjytehd,171,2008,677317
67,pwcurmtsko,tpzjqsceoz,pbakibyzxr,gelgbzcore,217,2005,154557
51,bbcbopyqcx,przkfjwwzd,pbakibyzxr,elolnrfsod,152,2003,315248
56,gfmzfxkyzb,eltcdzjlvd,pbakibyzxr,xeoiwmfiod,164,2006,904228
55,agehttyjjr,crgmrypeei,pbakibyzxr,tujhllsvvk,214,2008,321482
64,wrorgcokdn,dhmjnauzvl,pbakibyzxr,hqruuwxnni,202,2000,799990
62,gkstwyamfe,bpibmdxlan,pbakibyzxr,hdhdyypdhz,141,2000,107533
75,vcvfzmqurn,ocgvkzmksz,pbakibyzxr,hikldjvdgy,177,2007,302909
68,fcttxldmev,lnndrruszy,pbakibyzxr,fhzfjpwpsc,145,2003,120468
71,bodhjfvjpo,mcjpwstcvo,pbakibyzxr,sntwhjuqfu,205,2005,514416
58,hlzwxkrxon,auurufezea,pbakibyzxr,zrdksjvpbu,192,2002,242594
53,pincefdqyp,jabadpurtc,pbakibyzxr,sopoyfgacy,163,2006,529915
63,hjghkunove,yzseweemlj,pbakibyzxr,vpivgncfas,127,2005,806103
65,fcfjtsmgxv,sgluakpmrh,pbakibyzxr,dnccmrpvia,219,2002,176427
60,qtlvgaaoly,scyvydbmkq,pbakibyzxr,tdzswfbarx,131,2008,878099
61,yexagnmgfo,fcmkdauvwx,pbakibyzxr,voucrwtrjd,147,2008,235288
72,pnuukdlzrn,kjlcenzsfm,pbakibyzxr,oevxancvzj,216,2001,805273
74,rlwbjkxrjv,dwslrfgroa,pbakibyzxr,snwolcuxky,134,2000,247705
66,eywwnetkzz,vtbfjnysto,pbakibyzxr,wvcnmxxmwm,152,2000,560919
82,nzywnbqznu,bggzwmzzui,qctgkwmcco,hsppclfvkt,170,2000,183154
83,svhwmgjijr,oipbipxswp,qctgkwmcco,hnsvtpfoje,198,2008,560100
84,paqvlyefom,upwjoqhgav,qctgkwmcco,yvqncexgmb,166,2003,231552
87,tsreupdxij,jesfbexovt,qctgkwmcco,twjrxqmwqt,136,2003,505045
92,tmutagauek,zcumflplez,qctgkwmcco,idsuyecnqn,124,2007,301809
94,zqqzvlxeak,tamqhpapke,qctgkwmcco,yomvhhpmfg,210,2006,302954
80,vkuuomwrab,kwhjsijstr,qctgkwmcco,znbkenvbnq,136,2003,948190
85,awqacvpqqg,nbvdjbfgba,qctgkwmcco,yqccplqsxt,120,2007,811813
89,ylceziurio,kmivmwakuy,qctgkwmcco,fjixpnnheu,174,2002,315860
93,tebzgxfsyh,nkmacxfbhi,qctgkwmcco,veibgvtvue,218,2007,634373
97,qvsvzyikmo,jebyxlqnys,qctgkwmcco,taoxqiuhme,121,2008,972307
96,nbmlbfcekl,oexpnmrjqq,qctgkwmcco,lcgbubouvp,173,2007,481929
95,nhtafyarra,fjkujbgpbu,qctgkwmcco,bxckoorvmy,188,2006,615696
76,fkjwawswha,sdshzwfeki,qctgkwmcco,vwntfkwpsf,171,2002,358222
90,uigeexmvja,fhmbhyxiej,qctgkwmcco,qbyerfknxq,189,2003,863215
98,tbarjmeywk,zwhmmwlgrn,qctgkwmcco,voffkmtqnx,192,2003,404139
77,nwslqpsqjw,kqvgwbrexp,qctgkwmcco,tsugojyvnx,193,2004,312508
100,xyogcdqeco,uwypiwglaf,qctgkwmcco,aqyfvmcgdv,207,2002,227282
88,ppheuemdps,yutetjzmfw,qctgkwmcco,vwtnisfdqq,212,2006,160841
99,txigdgepia,wwosjumwrc,qctgkwmcco,dxnqqddoxl,121,2007,827049
86,matjpjzwyd,temujuxksn,qctgkwmcco,owdbovzhtz,141,2005,464691
81,zdplaimdsk,kdcsmwoeyb,qctgkwmcco,hihwfikwot,141,2007,537016
91,bvfbjamjft,yidwilcrde,qctgkwmcco,rhxytkvjhm,179,2008,83782
79,lfvopzeqab,ocstgxubya,qctgkwmcco,lifsijojiv,145,2000,905065
78,inlzgdieoa,zwycpdbeyt,qctgkwmcco,zejkehxcwz,211,2002,165089
116,guhxzbtnnn,svlgeeizgk,tqxykspzvb,sjgrtpfgsy,219,2002,136764
120,vlbtvypolz,vwjiouhsro,tqxykspzvb,ykejenowta,176,2005,463688
112,cmgtorynfy,msyfndgcve,tqxykspzvb,gjewqykdih,159,2001,212711
111,hkrphrclcx,oawlxrufzn,tqxykspzvb,qxdoaqesmn,136,2001,904075
124,xkajeifhvi,ujqdfjxcmt,tqxykspzvb,rthcplvvcp,139,2004,368676
115,fvdbzrdsuo,muffvmjtbt,tqxykspzvb,cctbtxjjnn,148,2006,595335
107,ugbufxnwzt,gjvrmetrer,tqxykspzvb,pzfzxbyikh,191,2000,620168
117,xxvariogdl,rjrxrqgekp,tqxykspzvb,kcibjqujgu,176,2007,779780
104,vkyomyswao,jkcspxbxfg,tqxykspzvb,pkqeidpeus,127,2006,989668
108,odulqtmlzv,gqinlbrdtt,tqxykspzvb,isqjqzvzle,158,2007,73843
103,riehuqaycj,cwlhnjdvgi,tqxykspzvb,gfsfkpwljt,204,2000,644958
110,swlccguanc,jvdyxxvshf,tqxykspzvb,itlwovamos,127,2008,919553
101,rijfzisqwp,cuxpyhtywt,tqxykspzvb,ooahdzfmen,129,2004,533302
125,hnfrtppdly,vodgohtjzm,tqxykspzvb,qddbaafphj,183,2000,178415
119,fkrzxwkwus,nkhjilslzc,tqxykspzvb,wegrqishfs,164,2003,674181
105,ggrgypgmys,qrhpseuavg,tqxykspzvb,qzptrtpjdh,186,2005,378698
118,aeliurnfjx,wgqoowyega,tqxykspzvb,milfeulazp,181,2005,968594
114,tbprjvcmat,djrxotzhbx,tqxykspzvb,nihbaypdiq,206,2003,675129
123,zcgpqksiud,lcnngiutsx,tqxykspzvb,btpfmivctg,152,2007,15283
102,ddxlxnjmre,lhcscdpvtf,tqxykspzvb,xdlwkxdxrb,126,2001,262455
121,ejjcaxpbun,kcefkwyyxk,tqxykspzvb,egqtupowre,180,2007,292614
109,lnzezkfvsw,ffjizmbsxv,tqxykspzvb,kiojgnvkew,187,2006,214541
106,jrlyzywuqp,bgjiajdjbf,tqxykspzvb,ywwtmhyvxj,174,2004,78999
113,jgjaewiekc,epphwufcaq,tqxykspzvb,gyggilqpod,208,2002,93013
122,uzprqqoecq,kjcgjadtgl,tqxykspzvb,kbhzpestoo,136,2001,528011
133,tbnemcbods,jzjjgbxvhp,fbichxgzki,lfbmiduxaa,205,2001,744433
142,iezllmcqtg,efftrgmsnc,fbichxgzki,brjleebknl,183,2003,757799
140,fwjhlfvbir,mwsmjevzwy,fbichxgzki,driygumbjq,180,2001,887915
129,xnqwlsknwb,jgupmepiwk,fbichxgzki,ypcpoknpqr,162,2005,539562
150,kfxdpcqlzb,vypknzktrc,fbichxgzki,ubklhllurd,160,2005,549387
147,cfboglgvtw,weznxceikp,fbichxgzki,opcxkihkyo,136,2000,522331
130,jmseyhazqj,vhxaxhyjio,fbichxgzki,oxeyltqemg,209,2008,820378
135,vlraqmqxqp,jxorlclhru,fbichxgzki,kmanggzwnl,185,2002,881983
141,pyzxtbflpd,fbomznkzsb,fbichxgzki,hqhcfknvqd,132,2000,330828
148,godtuymsur,rkqtobgfpv,fbichxgzki,jogrxqpovr,169,2005,771255
131,ectmcvenqm,lqlspuafia,fbichxgzki,linfbrrjdp,202,2001,871189
132,ywwtcjlowc,zptwraerlp,fbichxgzki,eqqxkzdbgn,180,2005,564939
149,pxbnmtkfnu,vikyopnkyd,fbichxgzki,qqbihpfzal,177,2004,962921
144,jhpfdlfemy,xvglrsahnc,fbichxgzki,cngidxcsel,188,2004,898575
128,hdrkmzwcnc,eptirggiyv,fbichxgzki,storspxhwy,157,2004,706775
137,zctllohqyw,jlzhrysjxt,fbichxgzki,hcueuhlyqz,145,2001,956022
138,kdramhajrl,kaeiunfoxj,fbichxgzki,ibdpodiquz,196,2003,949346
139,lgruganumo,awkobylkjo,fbichxgzki,pactkspkov,216,2008,934864
136,elnqdmguwf,inrmayexkq,fbichxgzki,xzyfbusmhd,201,2001,766749
145,iuxvzbhybc,gmwymdlohz,fbichxgzki,xqeuswadqq,201,2004,361072
127,thccsajimn,ogcbpeamwr,fbichxgzki,qnhutzxagp,155,2006,691490
134,xzobaefuoe,ezkfwhomut,fbichxgzki,pjdsdcuekp,184,2007,127149
146,wwmyfkzksn,gqblbrtcoj,fbichxgzki,glddljvdix,125,2004,373238
143,mldaotuuyb,btthflwkpo,fbichxgzki,tauaeeppun,167,2008,930811
126,ozmrwgiyhq,jceumnhcyx,fbichxgzki,spcpqcfpcf,164,2001,359235
173,ytrcjbmkef,xtgzeohfep,zqhvqedkya,bazyyikmod,121,2001,972885
166,hbpfleonkh,xzheaixthl,zqhvqedkya,kfqulgzksv,198,2004,907641
169,yxyxxtmyhy,yjsmjaefhi,zqhvqedkya,uyrbohzerx,183,2007,694466
157,qapeahpfke,fckikzrlli,zqhvqedkya,ffhivohphd,200,2002,776244
164,hlbmcjhzcc,jusmggeujc,zqhvqedkya,nsxuwursij,162,2002,455768
174,vqiwcucjrw,qsaezhkoil,zqhvqedkya,pilysxowba,202,2001,942876
162,rrdmaazmxe,qfiylyvtuy,zqhvqedkya,nzmddeyoxz,205,2004,274708
153,cgquntaeih,huzreuhuia,zqhvqedkya,gkuhyuscev,190,2008,483606
159,rijdijwova,fithfyqjik,zqhvqedkya,kjlcspldce,138,2004,499837
168,agrzayytna,omaaslagqv,zqhvqedkya,gdpphfoqvp,188,2004,482131
165,udxfmwhohc,gtkpxeyzrt,zqhvqedkya,znpvfkgocx,196,2002,928230
155,fcvckigovc,xdhcvppbqj,zqhvqedkya,dovkthggvi,186,2006,46996
167,djkhyzrhwt,octxamglyl,zqhvqedkya,dtylsjdpwh,157,2001,255381
172,gzsabcoiky,crlnzakihz,zqhvqedkya,piwuivxhko,191,2002,740296
163,uctudfrhvw,rtiqodmosl,zqhvqedkya,dvrhvhevxu,140,2003,412131
152,pgqbepgagp,nfdmriivpq,zqhvqedkya,otjbtzmyle,162,2006,844739
160,cyxnuljvqt,qzapslzcxk,zqhvqedkya,pzfgniitad,174,2000,747518
175,etwavfttxm,velcocmbru,zqhvqedkya,mrpmfnnhjm,166,2001,478198
171,ouriwtajoh,gishmlfnvh,zqhvqedkya,fohaxfyxbz,200,2007,422794
154,fdrafvimec,lwihdfsfle,zqhvqedkya,bscwmfckvn,200,2000,483310
156,ugxenmarld,bpaqebingz,zqhvqedkya,kruuxaphzu,141,2000,680529
170,aouvascasl,teutjbctyb,zqhvqedkya,kzpryvixxa,154,2006,851634
161,eqyqbviulk,xceieigoxf,zqhvqedkya,tdudmnepvi,217,2008,485173
158,hfequmaare,mcqltcwdjc,zqhvqedkya,krzyzqheji,211,2007,412598
151,gefohmwxdw,ogmzmxkeud,zqhvqedkya,hfrctlaplf,190,2004,268663
185,ibijcgwnoo,jrwmuxiazh,okfnnhotrd,rovauclyth,198,2000,941579
188,qdlceykebl,muklwszkje,okfnnhotrd,vexmddygjq,177,2000,368315
197,uujysxrdqb,jbumoevkrm,okfnnhotrd,wotmjsubaf,215,2002,733726
183,enivistivi,lhlblqqfcq,okfnnhotrd,sycdmknppt,181,2001,267038
191,vcisulcpts,usbncfqnjh,okfnnhotrd,wtzxmtovuu,170,2008,256510
178,ssmknslvsa,zxbxesycne,okfnnhotrd,odxvvkhjih,148,2002,752664
181,xzasdkqokj,jcqreklkpd,okfnnhotrd,zoejrllxpu,218,2005,400091
180,grtrbtcjxk,attsfgztse,okfnnhotrd,drpxzidhbe,121,2003,30805
177,mmwskstgah,ancdzvhqbv,okfnnhotrd,tekntfsnjm,120,2006,456005
179,vlmqyjiali,ciowisjnho,okfnnhotrd,kcjxlsfsdi,207,2007,85215
199,elzbgqkcaf,orvkazeyxn,okfnnhotrd,hsqrkbubld,130,2001,961113
192,viqikiceeu,fsynilyrkt,okfnnhotrd,qjfkyaesnv,187,2006,762062
189,mdakngnasi,mgehfqqmlw,okfnnhotrd,jzzpxfyqgb,213,2006,485506
184,krrenzzxnj,iqwbibdyvd,okfnnhotrd,czromjgfkc,193,2002,65493
196,ayokteymrj,ridjrdmigu,okfnnhotrd,mrmvhotzhr,163,2006,342044
194,snhokbrcsi,dxwwmcilqd,okfnnhotrd,jgfclenegh,168,2002,721676
182,xgzjyptkyx,apdmandfps,okfnnhotrd,jylwllnihb,186,2008,876989
195,xoeaiitqos,mkfrssjybr,okfnnhotrd,dfcjsgpzwq,152,2008,156836
200,lqxbczehpx,ezzefxdtgv,okfnnhotrd,lximtjxxxm,132,2005,596067
193,jtptvuxrbr,pozdmrpgjy,okfnnhotrd,nvwobqdxjq,204,2005,881445
198,euscoxspgu,kvkoqwhcux,okfnnhotrd,yhhsdksido,145,2001,339969
190,ofvxsxpajv,gqdwgrkecj,okfnnhotrd,drjkrbqspj,130,2004,555866
186,ekpkjcazms,wyotiqupik,okfnnhotrd,mkgrxemfan,135,2005,475320
187,gqklskzkiz,bbirxzbimm,okfnnhotrd,ofjvrqxgkd,127,2006,110393
176,ppisldyubt,imsnvdltcp,okfnnhotrd,eodanspses,168,2002,804336
219,hqwrhbgabu,kwxkegcvmq,mhjneexltm,nmygrbyjeb,193,2008,368296
213,sopigtqalf,lcncqhqztd,mhjneexltm,bmipbavera,151,2004,683220
207,jwmjfihrfj,phhhkqkbyv,mhjneexltm,slhkdjtwlm,182,2003,254476
201,fnwkgroytz,pagncwjpay,mhjneexltm,mcohtsnqjh,157,2007,694547
218,jienwkrcmr,ymhvdyihro,mhjneexltm,gmszgtdcsq,147,2002,882069
220,kfalldmhnj,fzpldkyuym,mhjneexltm,sefvdocgcq,218,2005,344823
214,stxnjzyrmc,gpsnfuhkvv,mhjneexltm,ukwuidnkfz,174,2002,319616
206,lzecsajwvm,vawzyqdgdp,mhjneexltm,ijolksqzgs,176,2005,988837
209,cbolynidxp,svhivyrgum,mhjneexltm,vccixgpota,211,2007,866155
215,xkezixlmdc,fskzzuwwpj,mhjneexltm,tlryzbdabb,120,2000,653218
212,wrbktnsdiu,qpirhpmsmj,mhjneexltm,mmasfnnqgd,159,2003,47225
205,wnxxbpquec,vdzfkevuci,mhjneexltm,klzgzbbcen,143,2005,473566
202,rcblszgtoi,zckvnbynoc,mhjneexltm,bxxtkoesju,191,2003,861451
222,isvykrwehh,afqtdlffnn,mhjneexltm,nfydayrixf,213,2007,713064
225,rlbxvieonb,zwapyfjvuh,mhjneexltm,ebifprzaow,213,2006,272731
221,ayjdnqswvs,njvyhrwvkc,mhjneexltm,ahhqjotzmi,132,2003,605779
217,iakuhcmeee,cavzqvppmd,mhjneexltm,rgxvcttadu,192,2000,581518
224,aaurnehhht,eujhxpafsv,mhjneexltm,nxiezboisj,196,2001,507144
216,aayzlkeqrx,asywpvnyqz,mhjneexltm,roasrcvuyw,120,2004,896481
204,rfvblbmsrs,plzwvifcqi,mhjneexltm,wlqjrtmcvc,215,2001,222021
208,ggpqpgvyxc,ifpyrqypij,mhjneexltm,wvpfontcfp,204,2005,245766
211,smbbaoamik,sakhobqhtl,mhjneexltm,uutyreqlvl,194,2002,68987
210,clervholzj,uhgsanooiq,mhjneexltm,stnziculqu,212,2006,165855
223,mfkgdonkqs,akvnpcaerg,mhjneexltm,duidlrcrih,165,2005,764641
203,ooqpwjdejh,qgusehijih,mhjneexltm,gbtuflgbaj,205,2006,957254
248,grcqusiecg,rmeouxjipb,uintnzhbtk,vzdofmajws,198,2003,727206
241,cnkdpppigo,wbbmqfcpjw,uintnzhbtk,hvacjvqfhi,126,2007,506786
226,fqyrctcqcl,lxpybaposx,uintnzhbtk,pldjbyjafo,131,2001,255413
238,foyovvzymi,sodkxacqyh,uintnzhbtk,ufwigepjcc,212,2008,800508
227,eeixgybrjb,ikckbqcyiq,uintnzhbtk,dtrbctjryt,145,2000,145578
236,gulvrwuzdb,bwsupioyhz,uintnzhbtk,aibnkhhjts,168,2003,526371
231,dwqkvjtmyj,kbonwsdpsf,uintnzhbtk,fdkzlvcruu,182,2002,744538
235,rmujzpvjwh,hhaqpsrpsj,uintnzhbtk,xlcbcnzesx,208,2000,343758
242,gpmxewfusg,yfzdhoofym,uintnzhbtk,icvftapdyb,120,2003,330217
244,borwvloifk,doxhxvtjpm,uintnzhbtk,plvzfgmikp,121,2000,311174
246,aslnvtdmba,fgshcxzjys,uintnzhbtk,xgxuyuieuh,170,2003,223117
240,guqtryafmt,pzmslopepx,uintnzhbtk,busmctlvmw,139,2008,387717
237,dzibthhxld,rhszvqhuqr,uintnzhbtk,yfdfnmbhhd,184,2001,308587
229,vfhuvldxuw,ctwfckogta,uintnzhbtk,mvtkwjfbze,194,2003,877422
230,rphcuewsjr,povbebveqs,uintnzhbtk,xaqjfrilbd,135,2001,351235
234,xekpkqnulj,hkwjthhqyy,uintnzhbtk,zqittdojyc,205,2002,74143
239,mynjznxihl,lrkltblcxr,uintnzhbtk,zfxfvjhzxr,180,2006,426818
250,qnzejmmudi,asnpxwachd,uintnzhbtk,pfgkagfyqy,194,2002,149892
243,pdymlsgtql,swujkchyml,uintnzhbtk,treuiiujlb,125,2002,859918
232,cjnnecnomo,ebnyfeqkjv,uintnzhbtk,xkhumyoilo,217,2002,735646
245,ihavwlbiqr,hxrdqcuerh,uintnzhbtk,ztogfxsuof,163,2003,829163
228,ezfebyqehc,gtdzydjogc,uintnzhbtk,hkectxaotd,133,2007,905195
247,ekwznkcqqk,kxmhyvgqto,uintnzhbtk,qpnkargjmc,159,2008,400415
249,augsfmwlfi,rweofndgke,uintnzhbtk,jblxdvtytx,174,2002,913446
233,qccspsegwi,tunxnziiwv,uintnzhbtk,rrjphsbvvq,163,2002,407465
258,smvelnwetc,ckeqqncgdm,zcpwipfqul,bjvdylopvu,177,2003,627789
271,azdhmcdyrm,gfqfdqegzb,zcpwipfqul,cushjxnacl,146,2000,422506
268,vbgtvpiwfo,bjchxyelfr,zcpwipfqul,feiyhwkhvq,215,2005,422183
274,yslzyexncg,slbqnezjyt,zcpwipfqul,unyzuxmtzc,178,2008,2259
252,ttgmsjqulh,drojivxlia,zcpwipfqul,zqusepolmq,207,2004,439223
275,aauexjgfdt,gugkvslomy,zcpwipfqul,onsmznndcn,194,2003,496424
255,fbfbhtezak,gnfcfdgxkn,zcpwipfqul,elgswwxlcz,160,2001,311114
257,usiglkysrt,eewpaogimo,zcpwipfqul,ohughanqlp,189,2000,468485
259,wtujraevco,augpynsmqe,zcpwipfqul,htcvhusetj,137,2006,645435
260,hayjgtnwvj,ckhrfuhldc,zcpwipfqul,pakjsqcbdt,215,2004,255190
265,xeeabftfrr,qgpmgzultv,zcpwipfqul,ruqoewifpp,194,2008,918709
272,alycrwtdca,vkdlolkrog,zcpwipfqul,kxrjkulvrr,169,2002,602424
267,rtvwlwsioz,oedeoeotxm,zcpwipfqul,fmuxrrcmla,192,2006,36099
253,utffjarsfi,gorenemnfc,zcpwipfqul,jziyotneju,180,2008,891969
273,dvwaqbeswo,wjfjvwzbiw,zcpwipfqul,usiofffxky,163,2006,307999
270,qbvbifnzuj,niiocxvazd,zcpwipfqul,hwuvpcndgr,143,2008,312585
266,qoyykdpbvx,qhdpdqibhf,zcpwipfqul,ryjngqexdv,160,2008,276851
261,exbzkzvtch,ctoydzcfpe,zcpwipfqul,ryxhdamyia,216,2007,125825
254,xkbzdueocs,hgflsuqwer,zcpwipfqul,eefztlkofp,181,2004,815270
251,huvsdrwdca,apieherfoc,zcpwipfqul,kdoirtmvuh,184,2007,894898
264,ldhzyauztc,mvlmyuaiid,zcpwipfqul,tbgbsxkgta,174,2008,229182
269,jmoaulfkmo,ouomyztphy,zcpwipfqul,zffvrotisn,158,2008,32011
262,xqjxlebuhw,jfzkjhzoya,zcpwipfqul,nifnwdyzxo,152,2002,117809
256,vjjopkrasg,humkdlwqpi,zcpwipfqul,yheverxfhh,137,2007,597180
263,iupmvmtrvb,tfkahyajnk,zcpwipfqul,odjrbirpgo,132,2006,779252
295,vyfsuxmwow,ovjwuvbvuc,yrqpkenitt,rstltvcnpj,192,2006,309285
287,sstucuokul,ehnqyynobe,yrqpkenitt,eksfuyguvl,217,2001,737582
300,iirtlwxnei,ctegcxmiym,yrqpkenitt,rhngpfpbgi,133,2003,628405
290,hatshpecqr,apigrkmzzs,yrqpkenitt,xuvwljbgtu,194,2004,250460
277,vllwyfpqjk,zpfnkwwtzi,yrqpkenitt,skslmounly,133,2005,866805
281,lwbiqsqtjo,nyowbzexrm,yrqpkenitt,fqtyctgysd,157,2001,206275
280,pemxcvupia,rvsoahbjiw,yrqpkenitt,qghxhrmygt,217,2006,673245
286,zsxqyaibug,yxrkzmpjxq,yrqpkenitt,dpogmzkfba,170,2007,157177
288,kkieasaowh,bmgzbwchbm,yrqpkenitt,agjapfvauk,205,2001,485561
276,vmygybnssp,ethevotqgg,yrqpkenitt,bmzlhrcuhy,192,2000,301743
283,rrpgwjidqg,jzkrbacrln,yrqpkenitt,mpehlacmax,159,2002,567598
293,rhtxgycwcu,uhbonndrsw,yrqpkenitt,uymtwxoubl,168,2001,108222
278,nfksucdgbu,mpeklxjvrv,yrqpkenitt,pckfyzrxby,206,2000,174775
291,jsfzyjrrmi,zszmfalxzh,yrqpkenitt,twsczzvvpx,126,2002,284572
297,qhmtbbjrca,ezrlrnneba,yrqpkenitt,klpflqcycf,202,2003,51608
299,hjhqujdecb,iknnuchrgg,yrqpkenitt,zahiypgsjl,160,2005,863333
292,bcnltgxdfp,erwefuempc,yrqpkenitt,frdgozvlty,156,2000,193419
294,qpzruxtqrc,ripenizkdz,yrqpkenitt,yyvypszapu,197,2008,997506
296,gfeetcupqp,zplwqhquak,yrqpkenitt,nngiptaaul,205,2001,180418
298,dongzgjalk,tybgmfjmrv,yrqpkenitt,cxiubhwgyr,185,2007,900876
284,qamzipprbo,bsrcxjpmxf,yrqpkenitt,thsvjfvifp,172,2001,405888
282,bluvdnfrcf,hygicgaolq,yrqpkenitt,jjvertwwsz,129,2002,59957
279,siaungwhun,ngalrvennj,yrqpkenitt,zshyjezjnp,162,2003,230059
285,luxdkogasa,swxdlkasfj,yrqpkenitt,lasqwdxlct,179,2005,358467
289,nkxillgumt,anwzpeacei,yrqpkenitt,ngxsbxpndv,157,2006,386216
321,cjbfslxreo,qnqpkxucba,uuttbfciyy,nzffuwabhn,209,2002,133123
318,pioussjlqq,jlfzudkfnb,uuttbfciyy,ytefsryxym,120,2001,748328
310,enuwmdbwzh,xuaztslaom,uuttbfciyy,ocmyacoqus,126,2002,783141
306,oyikzhycdo,izigivsgqp,uuttbfciyy,wxwezqlyzj,134,2007,402040
316,omcqndlxmr,hissgxgpmj,uuttbfciyy,xbjeixllqh,207,2008,206377
313,ptjzsztjvs,gbixevtffv,uuttbfciyy,qfdhmnmkcb,167,2005,418725
311,mvwpztrisl,ithcfhtrxv,uuttbfciyy,dwxgkncffd,208,2004,545678
325,evzhljhtuh,qvdyaqkzvw,uuttbfciyy,obmcppqlqw,211,2008,74433
304,zyrfthfoar,scszbafrlq,uuttbfciyy,lmglumioum,194,2002,489607
320,swpwvbjksx,towhazwffq,uuttbfciyy,cfkydqvosh,190,2000,804376
308,ekiqitlfpp,njkarxkaga,uuttbfciyy,hfdqgpytkp,209,2005,20222
323,whqeizdwxs,xrbanosler,uuttbfciyy,ctpxobbxin,200,2002,286714
301,wttplqgluy,glcbsvekxw,uuttbfciyy,lrrqukposa,160,2006,335794
312,jjceckxnsq,wxxdqodluz,uuttbfciyy,kclxgqfkdy,187,2000,846859
307,jxitvkwlvx,ubfrvlikjh,uuttbfciyy,hogzbhymin,141,2006,530287
309,ohkjuszjfi,wfbtrbzrkg,uuttbfciyy,uamlyiyqoq,160,2002,364826
322,irovqhzgxo,wmatjdulsv,uuttbfciyy,qxrmxvvkch,123,2005,151306
317,rziwkfidnq,yhyvnohylj,uuttbfciyy,hrtecewltd,182,2007,42153
302,hieyoruoxh,qazoglnewg,uuttbfciyy,vnbhepaegs,202,2005,107813
305,pbfygwyzod,tpgwuyhnjv,uuttbfciyy,tvqffgbugx,134,2005,893562
324,qmerqboiah,laxzuifnmy,uuttbfciyy,cmpenmodmu,121,2005,623238
303,dnruiftpyv,rmccbgzieo,uuttbfciyy,jluanyggxu,135,2002,860914
314,dspcoaagjb,pifmbmuycz,uuttbfciyy,bjnryxtzrn,158,2003,947841
319,pjohtbzlnm,rmhwzojanf,uuttbfciyy,guxysuygvl,219,2008,881106
315,ozvqzczatj,hfktbkycmh,uuttbfciyy,pdhnyhglfb,174,2002,348689
344,vksfejvqqn,vdsjrxbmzr,bbldkbzldb,flwiubebqy,165,2007,500046
327,ikpzoieoqj,jkoprflczo,bbldkbzldb,clupmyhfhl,209,2005,665758
341,ysnvcwmivf,iccpssbpoo,bbldkbzldb,rgrgbxqjml,191,2002,541530
349,tfdyjxtrsl,dhrtsgohzw,bbldkbzldb,cjosbsqyck,207,2006,847144
346,exbnxirejg,ahxlggyqoy,bbldkbzldb,zuckvgykwn,136,2007,615603
347,wpleipnrsu,qdawdsmbuh,bbldkbzldb,feeleojuhm,151,2002,108992
340,lsjxlxiirg,zryfwgqokw,bbldkbzldb,wncqapseii,122,2005,567917
339,lgqexmrojv,syoaqgdgis,bbldkbzldb,dgfdfunnad,136,2000,329393
336,egzvueqjca,trjrrtuqvm,bbldkbzldb,lirpnlnisu,122,2005,441829
335,icxzcrmdtm,wikpivakbx,bbldkbzldb,csvlfccsxv,191,2003,340100
334,zzmllrytlb,aarpwqyljb,bbldkbzldb,exqowjnhpl,155,2007,744302
345,yuqisgafef,znwyqixhnk,bbldkbzldb,fxhgeizcom,172,2007,975474
333,zbwzakjcmi,ubgnqnvzin,bbldkbzldb,sbtmokztwj,144,2008,801950
328,rqmbwatgkf,wbybmcadgn,bbldkbzldb,xvzyehhpjz,150,2003,825129
348,ujmlwddstg,urkpenjnvp,bbldkbzldb,tgtispreyv,136,2002,957315
342,zihxvrucax,erpzsgpixw,bbldkbzldb,bgzyyinkua,152,2002,100487
326,kbbiupcrfy,iftseghpvj,bbldkbzldb,rbamgkbesr,129,2000,60021
343,zvfqqkspol,gpdnfomdps,bbldkbzldb,cqtkddhfuf,209,2008,566842
350,juchpubczk,tucbildhnm,bbldkbzldb,vhnqxnsjsp,170,2004,407291
338,hvfplqrtno,veenrgsqdn,bbldkbzldb,cmvwnaxmhi,143,2000,971656
332,zflpkawokc,cxpoytnfgg,bbldkbzldb,tpttetlpld,163,2003,620636
331,alhnpqdofc,ieonnkbezh,bbldkbzldb,ktojlymasl,188,2003,688713
330,sagmqlejqx,oxtxkdhvor,bbldkbzldb,neguhxqkdp,134,2000,964230
329,bdmdyupfqr,dtffuinhij,bbldkbzldb,jipqphbowd,183,2006,250285
337,gtxmliolci,uvzppsmcdx,bbldkbzldb,vtkhiubcbz,137,2004,389825
375,bvrbtuqiwy,sizphusgxd,wlapmtlfbi,mzqtafcaic,122,2001,203138
366,ugrzfvitjt,gdrmkatlot,wlapmtlfbi,ftpeibynkw,160,2001,732253
361,gpohjcvdal,hbpsvgtusw,wlapmtlfbi,weftjznfil,207,2003,348614
352,fbkkywqzub,pseozonoui,wlapmtlfbi,vooxxrzjub,195,2007,847354
355,gamubjvlry,tyxgbioagn,wlapmtlfbi,uxxlvubwvv,178,2008,374837
353,wmbuecofsi,likaxywfvk,wlapmtlfbi,vukottlwfn,192,2007,105390
362,nylstosgyv,xqrdlnyile,wlapmtlfbi,nenosuwfvm,163,2003,11112
351,yoezkdvlfb,wloydyfkzo,wlapmtlfbi,dthsfajdzk,175,2001,680650
360,dwvptbuols,vqebejspyy,wlapmtlfbi,mbaliudsuw,146,2002,579441
354,cwggnnavzi,hbffznclix,wlapmtlfbi,vxsripwxqa,203,2001,493225
367,sfioqbzljd,fwnfpztkgm,wlapmtlfbi,akwdjknhju,187,2003,152654
358,yifdbezhrx,qwfsmsnxht,wlapmtlfbi,ixiqjltbcs,206,2002,548599
369,meerncbros,nabwtyeyrq,wlapmtlfbi,qxqnnlxhie,215,2004,675603
363,udfkvniskb,jqmyoukujq,wlapmtlfbi,jxkdvraiaj,209,2004,292852
365,eemiiexcjn,mlnswehghz,wlapmtlfbi,ozteuzpksd,138,2002,792048
359,zffdgmxdct,kwhclemfol,wlapmtlfbi,ngwbaxfurj,124,2005,216846
356,jzbuumlsfk,rnnccpirjf,wlapmtlfbi,pvalyyiwvm,171,2004,724230
368,urrxtdiwke,lpumigsvif,wlapmtlfbi,tmqfzxotjs,120,2002,234251
372,gulkyndhei,zhqqoaanaq,wlapmtlfbi,byslnfctsz,130,2001,570867
371,dttxjeecrh,pdqdiqgkix,wlapmtlfbi,zonwckolpg,129,2001,154069
374,tuatvyvdpp,agkmbvzuaz,wlapmtlfbi,bjdcmhynha,131,2000,69423
364,cfjppecqnu,fokzaelqnk,wlapmtlfbi,bsgssqtekp,146,2007,121918
373,fktsnazyag,oswruktlnr,wlapmtlfbi,dagjczbeub,120,2002,414451
357,vzijmcrywe,nyicgcontl,wlapmtlfbi,pgjophldbq,166,2000,87831
370,zoycsrqkhq,ldllhldaba,wlapmtlfbi,srpdqxmuqj,153,2001,280121
